{"cameraMode":{"drawMode":0,"name":"Shaded","section":"Shading Mode"},"sceneLighting":true,"audioPlay":false,"sceneViewState":{"m_AlwaysRefresh":false,"showFog":true,"showSkybox":true,"showFlares":true,"showImageEffects":true,"showParticleSystems":true,"showVisualEffectGraphs":true,"m_FxEnabled":true},"in2DMode":false,"pivot":{"x":35.871673583984378,"y":7.0790557861328129,"z":3.053304433822632},"rotation":{"x":0.07736404985189438,"y":-0.8914566040039063,"z":0.41431596875190737,"w":0.1667369157075882},"size":1.8393819332122803,"orthographic":false}