{"cameraMode":{"drawMode":0,"name":"Shaded","section":"Shading Mode"},"sceneLighting":true,"audioPlay":false,"sceneViewState":{"m_AlwaysRefresh":false,"showFog":true,"showSkybox":true,"showFlares":true,"showImageEffects":true,"showParticleSystems":true,"showVisualEffectGraphs":true,"m_FxEnabled":true},"in2DMode":false,"pivot":{"x":17.843860626220704,"y":1.9469597339630128,"z":1.809532642364502},"rotation":{"x":0.0032007775735110046,"y":0.9701223373413086,"z":-0.2423465996980667,"w":0.012802790850400925},"size":2.6546108722686769,"orthographic":false}