{"cameraMode":{"drawMode":0,"name":"Shaded","section":"Shading Mode"},"sceneLighting":true,"audioPlay":false,"sceneViewState":{"m_AlwaysRefresh":false,"showFog":true,"showSkybox":true,"showFlares":true,"showImageEffects":true,"showParticleSystems":true,"showVisualEffectGraphs":true,"m_FxEnabled":true},"in2DMode":false,"pivot":{"x":71.77296447753906,"y":16.617565155029298,"z":64.75033569335938},"rotation":{"x":-0.0017956424271687866,"y":-0.955364465713501,"z":-0.005723949056118727,"w":0.2955207824707031},"size":1.9221549034118653,"orthographic":false}