{"cameraMode":{"drawMode":0,"name":"Shaded","section":"Shading Mode"},"sceneLighting":false,"audioPlay":false,"sceneViewState":{"m_AlwaysRefresh":false,"showFog":true,"showSkybox":false,"showFlares":true,"showImageEffects":true,"showParticleSystems":true,"showVisualEffectGraphs":true,"m_FxEnabled":true},"in2DMode":false,"pivot":{"x":32.18208694458008,"y":4.246262550354004,"z":-49.16349411010742},"rotation":{"x":0.012979350052773953,"y":-0.9826651811599731,"z":0.07562284916639328,"w":0.16908346116542817},"size":3.3868319988250734,"orthographic":false}